path,identity
0803/DSC_15480201.png,198
0803/DSC_15500202.png,661
0803/DSC_15530205.png,764
0803/DSC_15540206.png,943
0803/DSC_15550207.png,56
0803/DSC_15560208.png,495
0803/DSC_15570209.png,588
0803/DSC_15580210.png,96
0803/DSC_15590211.png,774
0803/DSC_15600212.png,489
0803/DSC_15610213.png,557
0803/DSC_15620214.png,182
0803/DSC_15630215.png,187
0803/DSC_15640216.png,22
0803/DSC_15650217.png,475
0803/DSC_15660218.png,323
0803/DSC_15670219.png,153
0803/DSC_15680220.png,399
0803/DSC_15690221.png,212
0803/DSC_15700222.png,362
0803/DSC_15710223.png,252
0803/DSC_15720224.png,564
0803/DSC_15730225.png,859
0803/DSC_15740226.png,537
0803/DSC_15750227.png,746
0803/DSC_15760228.png,713
0803/DSC_15770229.png,551
0803/DSC_15780230.png,389
0803/DSC_15790231.png,647
0803/DSC_15810233.png,199
0803/DSC_15820234.png,426
0803/DSC_15830235.png,690
0803/DSC_15840236.png,690
0803/DSC_15850237.png,120
0803/DSC_15860238.png,819
0803/DSC_15870239.png,62
0803/DSC_15880240.png,606
0803/DSC_15890241.png,198
0803/DSC_15900242.png,940
0803/DSC_15910243.png,796
0803/DSC_15920244.png,774
0803/DSC_15930245.png,961
0803/DSC_15940246.png,798
0803/DSC_15960248.png,294
0803/DSC_15970249.png,595
0803/DSC_15980250.png,381
0803/DSC_15990251.png,632
0803/DSC_16000252.png,277
0803/DSC_16010253.png,470
0803/DSC_16020254.png,199
0803/DSC_16030255.png,741
0803/DSC_16040256.png,895
0803/DSC_16050257.png,721
0803/DSC_16060258.png,353
0803/DSC_16070259.png,885
0803/DSC_16080260.png,779
0803/DSC_16090261.png,226
0803/DSC_16100262.png,286
0803/DSC_16110263.png,820
0803/DSC_16120264.png,742
0803/DSC_16130265.png,384
0803/DSC_16140266.png,600
0803/DSC_16150267.png,666
0803/DSC_16160268.png,406
0803/DSC_16170269.png,597
0803/DSC_16180270.png,760
0803/DSC_16190271.png,26
0803/DSC_16200272.png,122
0803/DSC_16210273.png,318
0803/DSC_16220274.png,376
0803/DSC_16230275.png,905
0803/DSC_16240276.png,94
0803/DSC_16250277.png,640
0803/DSC_16270279.png,855
0803/DSC_16280280.png,380
0803/DSC_16290281.png,689
0803/DSC_16300282.png,522
0803/DSC_16320283.png,824
0803/DSC_16330284.png,539
0803/DSC_16340285.png,248
0803/DSC_16350286.png,447
0803/DSC_16360287.png,94
0803/DSC_16370288.png,106
0803/DSC_16380289.png,420
0803/DSC_16390290.png,24
0803/DSC_16400291.png,162
0803/DSC_16410292.png,310
0803/DSC_16420293.png,593
0803/DSC_16430294.png,689
0803/DSC_16440295.png,228
0803/DSC_16450296.png,446
0803/DSC_16460297.png,344
0803/DSC_16470298.png,85
0803/DSC_16480299.png,188
0803/DSC_16500301.png,304
0803/DSC_16520302.png,914
0803/DSC_16530303.png,206
0803/DSC_16540304.png,511
0803/DSC_16550305.png,762
0803/DSC_16560306.png,445
